{
    "apical_dendrite": {},
    "axon":{},
    "basal_dendrite": {
        "filtration_metric": "path_distances",
        "min_bar_length": 1.0,
        "num_trees": {
            "data": {
                "bins": [
                    3,
                    4,
                    5,
                    6,
                    7,
                    8,
                    9,
                    10,
                    11
                ],
                "weights": [
                    1,
                    2,
                    3,
                    4,
                    3,
                    1,
                    1,
                    0,
                    1
                ]
            }
        },
        "persistence_diagram": [
            [
                [
                    224.38319063186646,
                    219.2606019973755,
                    -0.4379599988460541,
                    -0.005312800407409668,
                    -0.8848207592964172,
                    0.0901557207107544
                ],
                [
                    400.9616605043411,
                    384.7926591038704,
                    -0.057923853397369385,
                    -0.289974570274353,
                    -2.5282816886901855,
                    -0.1570836901664734
                ],
                [
                    192.41142231225967,
                    178.48044949769974,
                    0.9341675639152527,
                    0.13731682300567627,
                    -1.9108004570007324,
                    -0.36382102966308594
                ],
                [
                    212.02685528993607,
                    204.79348236322403,
                    -1.037257194519043,
                    0.6260798573493958,
                    -4.952030658721924,
                    0.0439608097076416
                ],
                [
                    174.49314105510712,
                    166.01364123821259,
                    0.8455920219421387,
                    1.9787335395812988,
                    -2.6705470085144043,
                    -2.1493306159973145
                ],
                [
                    280.87815886735916,
                    72.90992110967636,
                    0.05115431547164917,
                    -0.25066912174224854,
                    -1.0350282192230225,
                    -0.10089123249053955
                ],
                [
                    124.64597976207733,
                    116.80670726299286,
                    -0.04528069496154785,
                    -0.6709880828857422,
                    5.494875907897949,
                    0.6105341911315918
                ],
                [
                    221.2086187005043,
                    111.25251829624176,
                    0.2337489128112793,
                    1.069451093673706,
                    -5.322473049163818,
                    -0.8068923950195312
                ],
                [
                    180.18831837177277,
                    51.97151494026184,
                    0.39078283309936523,
                    0.09945124387741089,
                    -1.4081227779388428,
                    0.10724365711212158
                ],
                [
                    416.0371113419533,
                    38.79454827308655,
                    0.46909475326538086,
                    1.0566465854644775,
                    1.8869953155517578,
                    -1.014134168624878
                ],
                [
                    416.89264065027237,
                    0,
                    NaN,
                    NaN,
                    NaN,
                    NaN
                ]
            ],
            [
                [
                    138.14135348796844,
                    91.25013053417206,
                    0.15326452255249023,
                    -1.7054016590118408,
                    -1.867674469947815,
                    0.8106865286827087
                ],
                [
                    131.90395653247833,
                    63.07564151287079,
                    0.8644651174545288,
                    0.2718007564544678,
                    -3.7785184383392334,
                    -0.3544933795928955
                ],
                [
                    138.06671458482742,
                    63.07564151287079,
                    0.8644651174545288,
                    0.2718007564544678,
                    -3.7785184383392334,
                    -0.3544933795928955
                ],
                [
                    242.68944704532623,
                    58.60613238811493,
                    0.0914769172668457,
                    -0.7802326679229736,
                    -1.4150129556655884,
                    0.4885904788970947
                ],
                [
                    293.2285534143448,
                    0,
                    NaN,
                    NaN,
                    NaN,
                    NaN
                ]
            ]
        ],
        "trunk": {
            "absolute_elevation_deviation": {
                "data": {
                    "bins": [
                        -1.3257553577423096,
                        -1.2312967777252197,
                        -1.1368381977081299,
                        -1.0423797369003296,
                        -0.9479211568832397,
                        -0.8534625768661499,
                        -0.7590040564537048,
                        -0.6645455360412598,
                        -0.5700869560241699,
                        -0.4756283760070801,
                        -0.381169855594635,
                        -0.28671127557754517,
                        -0.1922527402639389,
                        -0.09779419004917145,
                        -0.003335641697049141,
                        0.09112291038036346,
                        0.18558146059513092,
                        0.28004002571105957,
                        0.37449854612350464,
                        0.4689571261405945,
                        0.5634156465530396,
                        0.6578742265701294,
                        0.7523328065872192,
                        0.8467913269996643,
                        0.9412498474121094,
                        1.0357084274291992,
                        1.130167007446289,
                        1.224625587463379,
                        1.3190840482711792,
                        1.413542628288269
                    ],
                    "weights": [
                        3,
                        2,
                        0,
                        1,
                        0,
                        4,
                        4,
                        3,
                        5,
                        5,
                        4,
                        4,
                        3,
                        6,
                        3,
                        3,
                        11,
                        7,
                        5,
                        9,
                        2,
                        4,
                        3,
                        1,
                        4,
                        1,
                        0,
                        1,
                        0,
                        1
                    ]
                }
            },
            "azimuth": {
                "uniform": {
                    "max": 0.0,
                    "min": 3.141592653589793
                }
            },